Entry ID,Entity Polymer Type,Polymer Entity Sequence Length,Total Number of polymer Entity Instances (Chains) per Entity,Auth Asym ID,Entity ID
"1BZ0","Protein",141,2,"A","1"
,,,,"C"
,"Protein",146,2,"B","2"
,,,,"D"
"1CAX","Protein",181,3,"A","1"
,,,,"C"
,,,,"E"
,"Protein",184,3,"B","2"
,,,,"D"
,,,,"F"
"1CPC","Protein",162,2,"A","1"
,,,,"K"
,"Protein",172,2,"B","2"
,,,,"L"
"1DVF","Protein",107,1,"C","3"
,"Protein",121,1,"D","4"
,"Protein",108,1,"A","1"
,"Protein",116,1,"B","2"
"1E8O","Protein",85,2,"A","1"
,,,,"C"
,"Protein",106,2,"B","2"
,,,,"D"
,"RNA",50,1,"E","3"
"1F3D","Protein",219,2,"L","1"
,,,,"J"
,"Protein",217,2,"H","2"
,,,,"K"
"1FHJ","Protein",141,2,"A","1"
,,,,"C"
,"Protein",146,2,"D","2"
,,,,"B"
"1FVU","Protein",133,2,"A","1"
,,,,"C"
,"Protein",125,2,"D","2"
,,,,"B"
"1G0U","Protein",250,2,"A","1"
,,,,"O"
,"Protein",245,2,"B","2"
,,,,"P"
,"Protein",243,2,"C","3"
,,,,"Q"
,"Protein",241,2,"D","4"
,,,,"R"
,"Protein",234,2,"E","5"
,,,,"S"
,"Protein",248,2,"F","6"
,,,,"T"
,"Protein",252,2,"G","7"
,,,,"U"
,"Protein",222,2,"H","8"
,,,,"V"
,"Protein",205,2,"I","9"
,,,,"W"
,"Protein",198,2,"J","10"
,,,,"X"
,"Protein",212,2,"Y","11"
,,,,"K"
,"Protein",241,2,"L","12"
,,,,"Z"
,"Protein",266,2,"1","13"
,,,,"M"
,"Protein",196,2,"2","14"
,,,,"N"
"1G2C","Protein",52,12,"A","1"
,,,,"C"
,,,,"E"
,,,,"G"
,,,,"I"
,,,,"K"
,,,,"M"
,,,,"O"
,,,,"Q"
,,,,"S"
,,,,"U"
,,,,"W"
,"Protein",43,12,"B","2"
,,,,"D"
,,,,"F"
,,,,"H"
,,,,"J"
,,,,"L"
,,,,"N"
,,,,"P"
,,,,"R"
,,,,"T"
,,,,"V"
,,,,"X"
"1G65","Protein",250,2,"A","1"
,,,,"O"
,"Protein",244,2,"B","2"
,,,,"P"
,"Protein",241,2,"C","3"
,,,,"Q"
,"Protein",242,2,"D","4"
,,,,"R"
,"Protein",233,2,"E","5"
,,,,"S"
,"Protein",244,2,"F","6"
,,,,"T"
,"Protein",243,2,"G","7"
,,,,"U"
,"Protein",222,2,"H","8"
,,,,"V"
,"Protein",204,2,"I","9"
,,,,"W"
,"Protein",198,2,"J","10"
,,,,"X"
,"Protein",212,2,"K","11"
,,,,"Y"
,"Protein",222,2,"L","12"
,,,,"Z"
,"Protein",233,2,"1","13"
,,,,"M"
,"Protein",196,2,"2","14"
,,,,"N"
,"Protein",5,2,"3","15"
,,,,"4"
"1HIO","Protein",95,1,"A","1"
,"Protein",90,1,"B","2"
,"Protein",93,1,"C","3"
,"Protein",76,1,"D","4"
"1I85","Protein",110,2,"A","1"
,,,,"B"
,"Protein",126,2,"C","2"
,,,,"D"
"1IGF","Protein",219,2,"L","1"
,,,,"M"
,"Protein",221,2,"H","2"
,,,,"J"
"1IXX","Protein",129,3,"A","1"
,,,,"C"
,,,,"E"
,"Protein",123,3,"B","2"
,,,,"D"
,,,,"F"
"1J05","Protein",111,2,"L","1"
,,,,"A"
,"Protein",121,2,"H","2"
,,,,"B"
"1J40","Protein",141,4,"C","1"
,,,,"E"
,,,,"G"
,,,,"A"
,"Protein",146,4,"B","2"
,,,,"D"
,,,,"F"
,,,,"H"
"1JTH","Protein",82,2,"A","1"
,,,,"C"
,"Protein",77,2,"B","2"
,,,,"D"
"1KIL","Protein",66,1,"A","1"
,"Protein",62,1,"B","2"
,"Protein",74,1,"C","3"
,"Protein",66,1,"D","4"
,"Protein",49,1,"E","5"
"1MF2","Protein",215,2,"L","1"
,,,,"M"
,"Protein",226,2,"H","2"
,,,,"N"
"1OED","Protein",227,2,"A","1"
,,,,"D"
,"Protein",250,1,"B","2"
,"Protein",260,1,"C","3"
,"Protein",260,1,"E","4"
"1PG7","Protein",217,2,"H","1"
,,,,"I"
,"Protein",213,2,"L","2"
,,,,"M"
,"Protein",210,2,"W","3"
,,,,"Y"
,"Protein",220,2,"X","4"
,,,,"Z"
"1QI8","Protein",141,2,"A","1"
,,,,"C"
,"Protein",146,2,"B","2"
,,,,"D"
"1QSH","Protein",141,2,"A","1"
,,,,"C"
,"Protein",146,2,"B","2"
,,,,"D"
"1R24","Protein",206,2,"C","1"
,,,,"A"
,"Protein",217,2,"B","2"
,,,,"D"
"1RYP","Protein",243,2,"A","1"
,,,,"O"
,"Protein",250,2,"B","2"
,,,,"P"
,"Protein",244,2,"C","3"
,,,,"Q"
,"Protein",241,2,"D","4"
,,,,"R"
,"Protein",242,2,"E","5"
,,,,"S"
,"Protein",233,2,"F","6"
,,,,"T"
,"Protein",244,2,"G","7"
,,,,"U"
,"Protein",205,2,"H","8"
,,,,"V"
,"Protein",222,2,"I","9"
,,,,"W"
,"Protein",204,2,"J","10"
,,,,"X"
,"Protein",198,2,"K","11"
,,,,"Y"
,"Protein",212,2,"L","12"
,,,,"Z"
,"Protein",222,2,"1","13"
,,,,"M"
,"Protein",233,2,"2","14"
,,,,"N"
"1SDK","Protein",141,2,"C","1"
,,,,"A"
,"Protein",146,2,"B","2"
,,,,"D"
"1T60","Protein",229,16,"A","1"
,,,,"B"
,,,,"D"
,,,,"E"
,,,,"G"
,,,,"K"
,,,,"N"
,,,,"Q"
,,,,"S"
,,,,"T"
,,,,"V"
,,,,"W"
,,,,"H"
,,,,"J"
,,,,"M"
,,,,"P"
,"Protein",227,8,"C","2"
,,,,"I"
,,,,"L"
,,,,"O"
,,,,"R"
,,,,"U"
,,,,"X"
,,,,"F"
"1UMR","Protein",135,2,"A","1"
,,,,"B"
,"Protein",125,2,"C","2"
,,,,"D"
"1V4L","Protein",135,3,"A","1"
,,,,"C"
,,,,"E"
,"Protein",125,3,"B","2"
,,,,"D"
,,,,"F"
"1WT5","Protein",127,2,"B","1"
,,,,"A"
,"Protein",122,2,"C","2"
,,,,"D"
"1WYU","Protein",438,4,"A","1"
,,,,"C"
,,,,"E"
,,,,"G"
,"Protein",474,4,"B","2"
,,,,"D"
,,,,"F"
,,,,"H"
"1X9F","Protein",151,3,"A","1"
,,,,"E"
,,,,"I"
,"Protein",145,3,"B","2"
,,,,"F"
,,,,"J"
,"Protein",153,3,"C","3"
,,,,"G"
,,,,"K"
,"Protein",140,3,"D","4"
,,,,"H"
,,,,"L"
"1XF4","Protein",214,2,"L","1"
,,,,"A"
,"Protein",230,2,"H","2"
,,,,"B"
"1XK4","Protein",93,6,"A","1"
,,,,"B"
,,,,"E"
,,,,"F"
,,,,"I"
,,,,"J"
,"Protein",113,6,"C","2"
,,,,"D"
,,,,"G"
,,,,"K"
,,,,"H"
,,,,"L"
"1Y4G","Protein",141,2,"A","1"
,,,,"C"
,"Protein",146,2,"B","2"
,,,,"D"
"1Y4V","Protein",141,2,"A","1"
,,,,"C"
,"Protein",146,2,"B","2"
,,,,"D"
"1Y74","Protein",57,2,"A","1"
,,,,"C"
,"Protein",50,2,"B","2"
,,,,"D"
"1Y76","Protein",62,2,"A","1"
,,,,"C"
,"Protein",60,2,"B","2"
,,,,"D"
"1Z6O","Protein",212,12,"A","1"
,,,,"B"
,,,,"C"
,,,,"D"
,,,,"F"
,,,,"H"
,,,,"I"
,,,,"J"
,,,,"K"
,,,,"L"
,,,,"E"
,,,,"G"
,"Protein",191,12,"M","2"
,,,,"N"
,,,,"O"
,,,,"R"
,,,,"S"
,,,,"T"
,,,,"U"
,,,,"V"
,,,,"X"
,,,,"P"
,,,,"Q"
,,,,"W"
"2A6J","Protein",214,2,"L","1"
,,,,"A"
,"Protein",222,2,"B","2"
,,,,"H"
"2ACL","Protein",238,4,"A","1"
,,,,"C"
,,,,"E"
,,,,"G"
,"Protein",244,4,"B","2"
,,,,"D"
,,,,"H"
,,,,"F"
"2AI0","Protein",217,4,"L","1"
,,,,"M"
,,,,"N"
,,,,"O"
,"Protein",224,4,"H","2"
,,,,"I"
,,,,"J"
,,,,"K"
"2BG9","Protein",370,2,"A","1"
,,,,"D"
,"Protein",370,1,"B","2"
,"Protein",370,1,"E","4"
,"Protein",369,1,"C","3"
"2BKY","Protein",97,2,"A","1"
,,,,"B"
,"Protein",89,2,"X","2"
,,,,"Y"
"2BR2","Protein",275,12,"A","1"
,,,,"C"
,,,,"E"
,,,,"G"
,,,,"I"
,,,,"K"
,,,,"M"
,,,,"O"
,,,,"S"
,,,,"U"
,,,,"W"
,,,,"Q"
,"Protein",248,12,"B","2"
,,,,"D"
,,,,"F"
,,,,"H"
,,,,"J"
,,,,"L"
,,,,"N"
,,,,"P"
,,,,"R"
,,,,"T"
,,,,"V"
,,,,"X"
"2BSK","Protein",89,3,"A","1"
,,,,"C"
,,,,"E"
,"Protein",90,3,"B","2"
,,,,"D"
,,,,"F"
"2D1P","Protein",140,3,"A","1"
,,,,"D"
,,,,"G"
,"Protein",119,3,"B","2"
,,,,"E"
,,,,"H"
,"Protein",95,3,"C","3"
,,,,"F"
,,,,"I"
"2DN2","Protein",141,2,"A","1"
,,,,"C"
,"Protein",146,2,"B","2"
,,,,"D"
"2F9I","Protein",327,2,"A","1"
,,,,"C"
,"Protein",285,2,"B","2"
,,,,"D"
"2G75","Protein",245,2,"A","1"
,,,,"C"
,"Protein",213,2,"B","2"
,,,,"D"
"2GIA","Protein",195,2,"A","1"
,,,,"G"
,"Protein",187,2,"B","2"
,,,,"D"
"2GID","Protein",195,4,"A","1"
,,,,"G"
,,,,"H"
,,,,"P"
,"Protein",187,4,"D","2"
,,,,"K"
,,,,"B"
,,,,"J"
"2GJX","Protein",507,4,"A","1"
,,,,"D"
,,,,"E"
,,,,"H"
,"Protein",507,4,"B","2"
,,,,"F"
,,,,"G"
,,,,"C"
"2GJZ","Protein",217,2,"L","1"
,,,,"A"
,"Protein",221,2,"H","2"
,,,,"B"
"2GSG","Protein",116,2,"A","1"
,,,,"C"
,"Protein",118,2,"B","2"
,,,,"D"
"2H4C","Protein",122,4,"A","1"
,,,,"C"
,,,,"G"
,,,,"E"
,"Protein",122,4,"B","2"
,,,,"D"
,,,,"F"
,,,,"H"
"2H8F","Protein",143,2,"A","1"
,,,,"C"
,"Protein",146,2,"B","2"
,,,,"D"
"2HHB","Protein",141,2,"A","1"
,,,,"C"
,"Protein",146,2,"B","2"
,,,,"D"
"2HYB","Protein",130,6,"A","1"
,,,,"D"
,,,,"G"
,,,,"J"
,,,,"M"
,,,,"P"
,"Protein",136,6,"B","2"
,,,,"E"
,,,,"H"
,,,,"K"
,,,,"N"
,,,,"Q"
,"Protein",102,6,"C","3"
,,,,"F"
,,,,"I"
,,,,"L"
,,,,"O"
,,,,"R"
"2IO4","Protein",249,2,"A","1"
,,,,"C"
,"Protein",246,2,"B","2"
,,,,"D"
"2OF5","Protein",114,7,"A","1"
,,,,"B"
,,,,"C"
,,,,"D"
,,,,"E"
,,,,"F"
,,,,"G"
,"Protein",118,5,"H","2"
,,,,"I"
,,,,"J"
,,,,"K"
,,,,"L"
"2QL2","Protein",60,2,"B","2"
,,,,"D"
,"DNA",16,2,"E","3"
,,,,"G"
,"DNA",16,2,"F","4"
,,,,"H"
,"Protein",60,2,"A","1"
,,,,"C"
"2R80","Protein",141,2,"A","1"
,,,,"C"
,"Protein",146,2,"B","2"
,,,,"D"
"2VYN","Protein",331,3,"A","1"
,,,,"B"
,,,,"C"
,"Protein",334,1,"D","2"
"2W72","Protein",146,2,"B","2"
,,,,"D"
,"Protein",141,1,"C","3"
,"Protein",141,1,"A","1"
"2WNR","Protein",271,3,"A","1"
,,,,"C"
,,,,"E"
,"Protein",240,3,"B","2"
,,,,"D"
,,,,"F"
"2XQL","Protein",91,5,"A","1"
,,,,"C"
,,,,"E"
,,,,"G"
,,,,"I"
,"Protein",90,5,"B","2"
,,,,"D"
,,,,"F"
,,,,"H"
,,,,"J"
"2YFW","Protein",92,4,"A","1"
,,,,"C"
,,,,"E"
,,,,"G"
,"Protein",103,4,"B","2"
,,,,"D"
,,,,"F"
,,,,"H"
"2YMS","Protein",130,1,"A","1"
,"Protein",74,1,"B","2"
,"Protein",75,1,"C","3"
,"Protein",74,1,"D","4"
"2Z5I","Protein",40,2,"I","2"
,,,,"J"
,"Protein",52,8,"C","1"
,,,,"D"
,,,,"E"
,,,,"F"
,,,,"G"
,,,,"H"
,,,,"A"
,,,,"B"
"2ZS0","Protein",140,1,"A","1"
,"Protein",142,1,"B","2"
,"Protein",147,1,"C","3"
,"Protein",145,1,"D","4"
"3AEK","Protein",437,2,"A","1"
,,,,"C"
,"Protein",525,2,"B","2"
,,,,"D"
"3AIZ","Protein",248,2,"A","1"
,,,,"B"
,"Protein",246,2,"C","2"
,,,,"D"
"3AJV","Protein",190,2,"A","1"
,,,,"C"
,"Protein",186,2,"B","2"
,,,,"D"
"3AMJ","Protein",424,2,"B","1"
,,,,"D"
,"Protein",437,2,"C","2"
,,,,"A"
"3AOE","Protein",424,2,"A","1"
,,,,"B"
,"Protein",419,4,"E","2"
,,,,"C"
,,,,"D"
,,,,"F"
"3B07","Protein",309,4,"A","1"
,,,,"C"
,,,,"E"
,,,,"G"
,"Protein",290,4,"B","2"
,,,,"D"
,,,,"F"
,,,,"H"
"3B5N","Protein",61,3,"A","1"
,,,,"E"
,,,,"I"
,"Protein",70,3,"C","3"
,,,,"G"
,,,,"K"
,"Protein",64,3,"D","4"
,,,,"H"
,,,,"L"
,"Protein",69,3,"B","2"
,,,,"F"
,,,,"J"
"3BLX","Protein",349,8,"A","1"
,,,,"C"
,,,,"G"
,,,,"I"
,,,,"M"
,,,,"O"
,,,,"E"
,,,,"K"
,"Protein",354,8,"B","2"
,,,,"D"
,,,,"F"
,,,,"H"
,,,,"L"
,,,,"P"
,,,,"J"
,,,,"N"
"3BOM","Protein",143,2,"A","1"
,,,,"C"
,"Protein",147,2,"B","2"
,,,,"D"
"3BX4","Protein",136,2,"A","1"
,,,,"C"
,"Protein",146,2,"B","2"
,,,,"D"
"3CK4","Protein",34,6,"D","1"
,,,,"E"
,,,,"H"
,,,,"I"
,,,,"L"
,,,,"A"
,"Protein",34,6,"B","2"
,,,,"C"
,,,,"F"
,,,,"G"
,,,,"J"
,,,,"K"
"3CMO","Protein",222,2,"H","2"
,,,,"Y"
,"Protein",210,2,"L","1"
,,,,"X"
"3EJ9","Protein",76,3,"A","1"
,,,,"C"
,,,,"E"
,"Protein",70,3,"B","2"
,,,,"D"
,,,,"F"
"3FC6","Protein",242,2,"C","1"
,,,,"A"
,"Protein",266,2,"D","2"
,,,,"B"
"3GPR","Protein",133,1,"A","1"
,"Protein",129,1,"B","2"
,"Protein",134,1,"C","3"
,"Protein",124,1,"D","4"
"3GPT","Protein",250,2,"A","1"
,,,,"O"
,"Protein",244,2,"B","2"
,,,,"P"
,"Protein",241,2,"Q","3"
,,,,"C"
,"Protein",242,2,"R","4"
,,,,"D"
,"Protein",233,2,"E","5"
,,,,"S"
,"Protein",244,2,"F","6"
,,,,"T"
,"Protein",243,2,"G","7"
,,,,"U"
,"Protein",222,2,"H","8"
,,,,"V"
,"Protein",204,2,"I","9"
,,,,"W"
,"Protein",198,2,"J","10"
,,,,"X"
,"Protein",212,2,"K","11"
,,,,"Y"
,"Protein",222,2,"L","12"
,,,,"Z"
,"Protein",233,2,"1","13"
,,,,"M"
,"Protein",196,2,"2","14"
,,,,"N"
"3GTU","Protein",217,2,"A","1"
,,,,"C"
,"Protein",224,2,"B","2"
,,,,"D"
"3GUT","Protein",273,4,"A","1"
,,,,"C"
,,,,"E"
,,,,"G"
,"Protein",312,4,"D","2"
,,,,"F"
,,,,"H"
,,,,"B"
,"DNA",26,2,"X","3"
,,,,"I"
,"DNA",26,2,"Y","4"
,,,,"J"
"3HE4","Protein",56,4,"A","1"
,,,,"C"
,,,,"E"
,,,,"G"
,"Protein",46,4,"B","2"
,,,,"D"
,,,,"F"
,,,,"H"
"3HFA","Protein",240,14,"H","1"
,,,,"C"
,,,,"E"
,,,,"G"
,,,,"J"
,,,,"L"
,,,,"N"
,,,,"P"
,,,,"R"
,,,,"T"
,,,,"V"
,,,,"X"
,,,,"Z"
,,,,"2"
,"Protein",240,14,"Y","2"
,,,,"1"
,,,,"D"
,,,,"A"
,,,,"B"
,,,,"F"
,,,,"I"
,,,,"K"
,,,,"M"
,,,,"O"
,,,,"Q"
,,,,"S"
,,,,"U"
,,,,"W"
"3IYG","Protein",512,1,"Q","1"
,"Protein",515,1,"G","2"
,"Protein",517,1,"Z","3"
,"Protein",518,1,"D","4"
,"Protein",513,1,"B","5"
,"Protein",515,1,"E","6"
,"Protein",529,1,"A","7"
,"Protein",515,1,"H","8"
"3J2Y","Protein",212,4,"C","1"
,,,,"G"
,,,,"A"
,,,,"E"
,"Protein",218,4,"B","2"
,,,,"D"
,,,,"F"
,,,,"H"
"3J6E","Protein",439,9,"A","1"
,,,,"C"
,,,,"G"
,,,,"I"
,,,,"K"
,,,,"M"
,,,,"O"
,,,,"Q"
,,,,"E"
,"Protein",427,9,"B","2"
,,,,"D"
,,,,"F"
,,,,"H"
,,,,"L"
,,,,"N"
,,,,"P"
,,,,"R"
,,,,"J"
"3J6F","Protein",427,9,"B","2"
,,,,"D"
,,,,"F"
,,,,"H"
,,,,"J"
,,,,"L"
,,,,"P"
,,,,"R"
,,,,"N"
,"Protein",439,9,"A","1"
,,,,"C"
,,,,"E"
,,,,"G"
,,,,"I"
,,,,"K"
,,,,"M"
,,,,"O"
,,,,"Q"
"3J7E","Protein",115,4,"L","1"
,,,,"A"
,,,,"C"
,,,,"E"
,"Protein",121,4,"H","2"
,,,,"B"
,,,,"F"
,,,,"D"
"3JA8","Protein",868,1,"2","1"
,"Protein",971,1,"3","2"
,"Protein",933,1,"4","3"
,"Protein",775,1,"5","4"
,"Protein",1017,1,"6","5"
,"Protein",845,1,"7","6"
"3JBB","Protein",167,6,"A","1"
,,,,"C"
,,,,"E"
,,,,"G"
,,,,"I"
,,,,"K"
,"Protein",161,6,"B","2"
,,,,"D"
,,,,"F"
,,,,"H"
,,,,"L"
,,,,"J"
"3KDF","Protein",121,2,"A","1"
,,,,"C"
,"Protein",132,2,"D","2"
,,,,"B"
"3KRA","Protein",295,2,"A","1"
,,,,"D"
,"Protein",274,2,"B","2"
,,,,"C"
"3KRO","Protein",295,2,"A","1"
,,,,"D"
,"Protein",274,2,"B","2"
,,,,"C"
"3M91","Protein",51,2,"A","1"
,,,,"C"
,"Protein",44,2,"B","2"
,,,,"D"
"3MEZ","Protein",111,2,"A","1"
,,,,"C"
,"Protein",113,2,"B","2"
,,,,"D"
"3MI0","Protein",240,14,"2","2"
,,,,"C"
,,,,"E"
,,,,"G"
,,,,"H"
,,,,"J"
,,,,"L"
,,,,"N"
,,,,"P"
,,,,"R"
,,,,"T"
,,,,"V"
,,,,"X"
,,,,"Z"
,"Protein",248,14,"A","1"
,,,,"1"
,,,,"B"
,,,,"D"
,,,,"F"
,,,,"I"
,,,,"K"
,,,,"M"
,,,,"O"
,,,,"Q"
,,,,"S"
,,,,"U"
,,,,"W"
,,,,"Y"
"3MM5","Protein",366,2,"B","2"
,,,,"E"
,"Protein",418,2,"A","1"
,,,,"D"
"3MOP","Protein",110,6,"A","1"
,,,,"B"
,,,,"C"
,,,,"D"
,,,,"E"
,,,,"F"
,"Protein",113,4,"G","2"
,,,,"H"
,,,,"I"
,,,,"J"
,"Protein",111,4,"K","3"
,,,,"L"
,,,,"M"
,,,,"N"
"3N7N","Protein",190,4,"A","1"
,,,,"B"
,,,,"C"
,,,,"D"
,"Protein",95,2,"E","2"
,,,,"F"
"3NMM","Protein",141,2,"A","1"
,,,,"C"
,"Protein",146,2,"B","2"
,,,,"D"
"3NZJ","Protein",250,2,"A","1"
,,,,"O"
,"Protein",258,2,"P","2"
,,,,"B"
,"Protein",254,2,"C","3"
,,,,"Q"
,"Protein",260,2,"D","4"
,,,,"R"
,"Protein",234,2,"E","5"
,,,,"S"
,"Protein",288,2,"F","6"
,,,,"T"
,"Protein",252,2,"G","7"
,,,,"U"
,"Protein",261,2,"H","8"
,,,,"V"
,"Protein",205,2,"I","9"
,,,,"W"
,"Protein",198,2,"J","10"
,,,,"X"
,"Protein",287,2,"K","11"
,,,,"Y"
,"Protein",266,2,"1","13"
,,,,"M"
,"Protein",215,2,"2","14"
,,,,"N"
,"Protein",5,2,"3","15"
,,,,"4"
,"Protein",241,2,"L","12"
,,,,"Z"
"3O8O","Protein",787,4,"A","1"
,,,,"E"
,,,,"G"
,,,,"C"
,"Protein",766,4,"B","2"
,,,,"D"
,,,,"F"
,,,,"H"
"3OF6","Protein",255,3,"A","1"
,,,,"B"
,,,,"C"
,"Protein",130,3,"D","2"
,,,,"E"
,,,,"F"
"3OQ9","Protein",86,5,"A","1"
,,,,"B"
,,,,"C"
,,,,"D"
,,,,"E"
,"Protein",100,5,"H","2"
,,,,"I"
,,,,"J"
,,,,"K"
,,,,"L"
"3PW8","Protein",259,2,"A","1"
,,,,"B"
,"Protein",311,2,"C","2"
,,,,"D"
"3PWQ","Protein",259,8,"A","1"
,,,,"B"
,,,,"G"
,,,,"I"
,,,,"J"
,,,,"K"
,,,,"R"
,,,,"E"
,"Protein",311,4,"C","2"
,,,,"D"
,,,,"F"
,,,,"H"
"3Q4H","Protein",98,2,"A","1"
,,,,"C"
,"Protein",102,2,"B","2"
,,,,"D"
"3QB5","Protein",228,3,"A","1"
,,,,"B"
,,,,"C"
,"Protein",290,1,"K","2"
"3QLV","Protein",393,5,"A","1"
,,,,"B"
,,,,"E"
,,,,"G"
,,,,"I"
,"Protein",395,5,"C","2"
,,,,"D"
,,,,"F"
,,,,"H"
,,,,"J"
"3QVG","Protein",89,2,"A","1"
,,,,"C"
,"Protein",106,2,"B","2"
,,,,"D"
"3R84","Protein",86,12,"C","1"
,,,,"E"
,,,,"G"
,,,,"I"
,,,,"K"
,,,,"M"
,,,,"O"
,,,,"Q"
,,,,"S"
,,,,"U"
,,,,"W"
,,,,"A"
,"Protein",92,12,"B","2"
,,,,"D"
,,,,"F"
,,,,"J"
,,,,"N"
,,,,"R"
,,,,"T"
,,,,"V"
,,,,"X"
,,,,"H"
,,,,"L"
,,,,"P"
"3SWN","Protein",117,4,"C","1"
,,,,"F"
,,,,"O"
,,,,"R"
,"Protein",82,4,"A","2"
,,,,"D"
,,,,"P"
,,,,"S"
,"Protein",77,4,"B","3"
,,,,"E"
,,,,"T"
,,,,"Q"
"3U7Q","Protein",492,2,"A","1"
,,,,"C"
,"Protein",523,2,"B","2"
,,,,"D"
"3UDW","Protein",110,2,"A","1"
,,,,"B"
,"Protein",118,2,"C","2"
,,,,"D"
"3VSJ","Protein",271,2,"A","1"
,,,,"C"
,"Protein",312,2,"B","2"
,,,,"D"
"3VTQ","Protein",38,3,"E","1"
,,,,"A"
,,,,"B"
,"Protein",39,3,"D","2"
,,,,"C"
,,,,"F"
"3WJM","Protein",703,3,"A","1"
,,,,"F"
,,,,"E"
,"Protein",696,3,"B","2"
,,,,"C"
,,,,"D"
"4AQ5","Protein",461,2,"A","1"
,,,,"D"
,"Protein",522,1,"C","3"
,"Protein",488,1,"E","4"
,"Protein",493,1,"B","2"
"4B2T","Protein",556,2,"A","1"
,,,,"a"
,"Protein",535,2,"B","2"
,,,,"b"
,"Protein",542,2,"D","3"
,,,,"d"
,"Protein",541,2,"E","4"
,,,,"e"
,"Protein",545,2,"G","5"
,,,,"g"
,"Protein",543,2,"H","6"
,,,,"h"
,"Protein",548,2,"Q","7"
,,,,"q"
,"Protein",531,2,"z","8"
,,,,"Z"
"4BOG","Protein",493,6,"0","1"
,,,,"B"
,,,,"G"
,,,,"L"
,,,,"Q"
,,,,"V"
,"Protein",505,6,"Y","4"
,,,,"3"
,,,,"E"
,,,,"J"
,,,,"O"
,,,,"T"
,"Protein",522,6,"W","2"
,,,,"1"
,,,,"C"
,,,,"H"
,,,,"M"
,,,,"R"
,"Protein",461,12,"X","3"
,,,,"2"
,,,,"Z"
,,,,"A"
,,,,"D"
,,,,"F"
,,,,"I"
,,,,"K"
,,,,"N"
,,,,"P"
,,,,"S"
,,,,"U"
"4CQM","Protein",261,7,"A","1"
,,,,"E"
,,,,"H"
,,,,"I"
,,,,"L"
,,,,"M"
,,,,"P"
,"Protein",261,1,"D","3"
,"Protein",244,8,"B","2"
,,,,"F"
,,,,"G"
,,,,"J"
,,,,"K"
,,,,"N"
,,,,"O"
,,,,"C"
"4D11","Protein",571,5,"A","1"
,,,,"B"
,,,,"D"
,,,,"E"
,,,,"F"
,"Protein",571,1,"C","2"
,"Protein",6,5,"L","3"
,,,,"O"
,,,,"P"
,,,,"X"
,,,,"Z"
"4ESA","Protein",143,2,"C","1"
,,,,"A"
,"Protein",146,2,"B","2"
,,,,"D"
"4FZW","Protein",258,2,"A","1"
,,,,"B"
,"Protein",274,2,"C","2"
,,,,"D"
"4GGF","Protein",93,4,"A","1"
,,,,"K"
,,,,"S"
,,,,"U"
,"Protein",114,4,"C","2"
,,,,"L"
,,,,"T"
,,,,"V"
"4GYP","Protein",446,2,"A","1"
,,,,"B"
,"Protein",458,2,"C","2"
,,,,"D"
"4HRR","Protein",150,4,"A","1"
,,,,"C"
,,,,"E"
,,,,"G"
,"Protein",152,4,"B","2"
,,,,"D"
,,,,"F"
,,,,"H"
"4HRT","Protein",150,4,"A","1"
,,,,"C"
,,,,"E"
,,,,"G"
,"Protein",152,4,"B","2"
,,,,"D"
,,,,"H"
,,,,"F"
"4J5W","Protein",336,2,"A","1"
,,,,"B"
,"Protein",264,2,"C","2"
,,,,"D"
"4LFN","Protein",162,2,"A","1"
,,,,"C"
,"Protein",172,2,"B","2"
,,,,"D"
"4M78","Protein",96,2,"A","1"
,,,,"H"
,"Protein",89,2,"C","3"
,,,,"J"
,"Protein",86,2,"D","4"
,,,,"K"
,"Protein",93,2,"E","5"
,,,,"L"
,"Protein",115,2,"F","6"
,,,,"M"
,"Protein",93,2,"G","7"
,,,,"N"
,"Protein",95,2,"B","2"
,,,,"I"
"4MNE","Protein",341,4,"A","1"
,,,,"D"
,,,,"E"
,,,,"H"
,"Protein",308,4,"B","2"
,,,,"C"
,,,,"F"
,,,,"G"
"4NIF","Protein",333,2,"A","1"
,,,,"D"
,"Protein",362,2,"B","2"
,,,,"E"
"4P1X","Protein",296,4,"B","1"
,,,,"D"
,,,,"F"
,,,,"H"
,"Protein",309,4,"A","2"
,,,,"C"
,,,,"E"
,,,,"G"
"4PO5","Protein",167,3,"A","1"
,,,,"C"
,,,,"E"
,"Protein",161,3,"B","2"
,,,,"D"
,,,,"F"
"4QLQ","Protein",250,2,"A","1"
,,,,"O"
,"Protein",258,2,"B","2"
,,,,"P"
,"Protein",254,2,"C","3"
,,,,"Q"
,"Protein",260,2,"D","4"
,,,,"R"
,"Protein",234,2,"S","5"
,,,,"E"
,"Protein",288,2,"F","6"
,,,,"T"
,"Protein",252,2,"G","7"
,,,,"U"
,"Protein",232,2,"H","8"
,,,,"V"
,"Protein",205,2,"W","9"
,,,,"I"
,"Protein",198,2,"J","10"
,,,,"X"
,"Protein",212,2,"K","11"
,,,,"Y"
,"Protein",222,2,"L","12"
,,,,"Z"
,"Protein",246,2,"a","13"
,,,,"M"
,"Protein",196,2,"b","14"
,,,,"N"
"4QVP","Protein",258,2,"B","2"
,,,,"P"
,"Protein",254,2,"C","3"
,,,,"Q"
,"Protein",260,2,"D","4"
,,,,"R"
,"Protein",234,2,"E","5"
,,,,"S"
,"Protein",252,2,"G","7"
,,,,"U"
,"Protein",205,2,"I","9"
,,,,"W"
,"Protein",222,2,"L","12"
,,,,"Z"
,"Protein",196,2,"b","14"
,,,,"N"
,"Protein",250,2,"A","1"
,,,,"O"
,"Protein",198,2,"J","10"
,,,,"X"
,"Protein",212,2,"K","11"
,,,,"Y"
,"Protein",246,2,"a","13"
,,,,"M"
,"Protein",288,2,"F","6"
,,,,"T"
,"Protein",232,2,"H","8"
,,,,"V"
"4R0L","Protein",121,2,"A","1"
,,,,"H"
,"Protein",129,2,"C","2"
,,,,"D"
,"Protein",117,2,"L","3"
,,,,"B"
"4R17","Protein",250,2,"A","1"
,,,,"O"
,"Protein",260,2,"D","4"
,,,,"R"
,"Protein",234,2,"E","5"
,,,,"S"
,"Protein",288,2,"F","6"
,,,,"T"
,"Protein",252,2,"G","7"
,,,,"U"
,"Protein",198,2,"J","10"
,,,,"X"
,"Protein",222,2,"L","12"
,,,,"Z"
,"Protein",196,2,"b","14"
,,,,"N"
,"Protein",212,2,"Y","11"
,,,,"K"
,"Protein",246,2,"a","13"
,,,,"M"
,"Protein",258,2,"B","2"
,,,,"P"
,"Protein",254,2,"C","3"
,,,,"Q"
,"Protein",232,2,"H","8"
,,,,"V"
,"Protein",205,2,"I","9"
,,,,"W"
"4RHW","Protein",97,4,"A","1"
,,,,"B"
,,,,"C"
,,,,"D"
,"Protein",108,2,"E","2"
,,,,"F"
"4RYF","Protein",201,7,"A","1"
,,,,"B"
,,,,"C"
,,,,"D"
,,,,"G"
,,,,"E"
,,,,"F"
,"Protein",204,7,"H","2"
,,,,"I"
,,,,"J"
,,,,"K"
,,,,"L"
,,,,"M"
,,,,"N"
"4WHS","Protein",200,3,"A","1"
,,,,"E"
,,,,"C"
,"Protein",238,2,"B","2"
,,,,"F"
,"Protein",238,1,"D","3"
"4WY4","Protein",64,1,"A","1"
,"Protein",58,1,"B","2"
,"Protein",78,1,"C","3"
,"Protein",65,1,"D","4"
"4X28","Protein",400,2,"A","1"
,,,,"B"
,"Protein",373,2,"D","2"
,,,,"C"
"4X4X","Protein",140,2,"A","1"
,,,,"C"
,"Protein",107,2,"D","2"
,,,,"B"
"4Y70","Protein",250,2,"A","1"
,,,,"O"
,"Protein",258,2,"B","2"
,,,,"P"
,"Protein",254,2,"C","3"
,,,,"Q"
,"Protein",260,2,"D","4"
,,,,"R"
,"Protein",234,2,"E","5"
,,,,"S"
,"Protein",288,2,"F","6"
,,,,"T"
,"Protein",252,2,"G","7"
,,,,"U"
,"Protein",232,2,"H","8"
,,,,"V"
,"Protein",205,2,"I","9"
,,,,"W"
,"Protein",198,2,"X","10"
,,,,"J"
,"Protein",212,2,"K","11"
,,,,"Y"
,"Protein",222,2,"L","12"
,,,,"Z"
,"Protein",246,2,"M","13"
,,,,"a"
,"Protein",196,2,"b","14"
,,,,"N"
,"Protein",5,4,"e","15"
,,,,"f"
,,,,"h"
,,,,"g"
"4Y7Y","Protein",250,2,"A","1"
,,,,"O"
,"Protein",258,2,"B","2"
,,,,"P"
,"Protein",254,2,"C","3"
,,,,"Q"
,"Protein",260,2,"R","4"
,,,,"D"
,"Protein",234,2,"E","5"
,,,,"S"
,"Protein",288,2,"F","6"
,,,,"T"
,"Protein",252,2,"G","7"
,,,,"U"
,"Protein",232,2,"V","8"
,,,,"H"
,"Protein",205,2,"I","9"
,,,,"W"
,"Protein",198,2,"J","10"
,,,,"X"
,"Protein",212,2,"K","11"
,,,,"Y"
,"Protein",246,2,"a","13"
,,,,"M"
,"Protein",196,2,"b","14"
,,,,"N"
,"Protein",5,4,"c","15"
,,,,"d"
,,,,"e"
,,,,"f"
,"Protein",222,2,"L","12"
,,,,"Z"
"4Y8G","Protein",250,2,"A","1"
,,,,"O"
,"Protein",258,2,"B","2"
,,,,"P"
,"Protein",254,2,"C","3"
,,,,"Q"
,"Protein",260,2,"D","4"
,,,,"R"
,"Protein",234,2,"E","5"
,,,,"S"
,"Protein",288,2,"F","6"
,,,,"T"
,"Protein",252,2,"G","7"
,,,,"U"
,"Protein",232,2,"H","8"
,,,,"V"
,"Protein",205,2,"I","9"
,,,,"W"
,"Protein",198,2,"J","10"
,,,,"X"
,"Protein",212,2,"K","11"
,,,,"Y"
,"Protein",222,2,"L","12"
,,,,"Z"
,"Protein",246,2,"a","13"
,,,,"M"
,"Protein",196,2,"b","14"
,,,,"N"
,"Protein",6,6,"c","15"
,,,,"d"
,,,,"e"
,,,,"f"
,,,,"g"
,,,,"h"
"4Y8L","Protein",250,2,"A","1"
,,,,"O"
,"Protein",258,2,"B","2"
,,,,"P"
,"Protein",254,2,"C","3"
,,,,"Q"
,"Protein",260,2,"D","4"
,,,,"R"
,"Protein",234,2,"E","5"
,,,,"S"
,"Protein",288,2,"F","6"
,,,,"T"
,"Protein",232,2,"H","8"
,,,,"V"
,"Protein",205,2,"I","9"
,,,,"W"
,"Protein",198,2,"J","10"
,,,,"X"
,"Protein",222,2,"L","12"
,,,,"Z"
,"Protein",246,2,"a","13"
,,,,"M"
,"Protein",196,2,"b","14"
,,,,"N"
,"Protein",5,4,"c","15"
,,,,"d"
,,,,"e"
,,,,"f"
,"Protein",212,2,"K","11"
,,,,"Y"
,"Protein",252,2,"G","7"
,,,,"U"
"5BKF","Protein",702,1,"E","2"
,"Protein",364,4,"A","1"
,,,,"B"
,,,,"C"
,,,,"D"
"5CD1","Protein",289,2,"A","1"
,,,,"D"
,"Protein",497,2,"E","2"
,,,,"B"
,"RNA",77,2,"M","3"
,,,,"N"
"5CMZ","Protein",46,2,"A","1"
,,,,"C"
,"Protein",38,2,"B","2"
,,,,"D"
"5CZ4","Protein",250,2,"A","1"
,,,,"O"
,"Protein",258,2,"B","2"
,,,,"P"
,"Protein",254,2,"C","3"
,,,,"Q"
,"Protein",260,2,"D","4"
,,,,"R"
,"Protein",234,2,"E","5"
,,,,"S"
,"Protein",288,2,"F","6"
,,,,"T"
,"Protein",252,2,"G","7"
,,,,"U"
,"Protein",232,2,"H","8"
,,,,"V"
,"Protein",205,2,"I","9"
,,,,"W"
,"Protein",198,2,"J","10"
,,,,"X"
,"Protein",212,2,"K","11"
,,,,"Y"
,"Protein",222,2,"L","12"
,,,,"Z"
,"Protein",246,2,"a","13"
,,,,"M"
,"Protein",196,2,"N","14"
,,,,"b"
"5CZ7","Protein",250,2,"A","1"
,,,,"O"
,"Protein",258,2,"B","2"
,,,,"P"
,"Protein",254,2,"C","3"
,,,,"Q"
,"Protein",260,2,"D","4"
,,,,"R"
,"Protein",234,2,"E","5"
,,,,"S"
,"Protein",288,2,"F","6"
,,,,"T"
,"Protein",252,2,"G","7"
,,,,"U"
,"Protein",232,2,"V","8"
,,,,"H"
,"Protein",205,2,"I","9"
,,,,"W"
,"Protein",198,2,"J","10"
,,,,"X"
,"Protein",217,2,"K","11"
,,,,"Y"
,"Protein",222,2,"L","12"
,,,,"Z"
,"Protein",246,2,"a","13"
,,,,"M"
,"Protein",196,2,"b","14"
,,,,"N"
"5CZA","Protein",250,2,"A","1"
,,,,"O"
,"Protein",258,2,"P","2"
,,,,"B"
,"Protein",254,2,"C","3"
,,,,"Q"
,"Protein",260,2,"D","4"
,,,,"R"
,"Protein",234,2,"E","5"
,,,,"S"
,"Protein",288,2,"F","6"
,,,,"T"
,"Protein",252,2,"G","7"
,,,,"U"
,"Protein",232,2,"H","8"
,,,,"V"
,"Protein",205,2,"W","9"
,,,,"I"
,"Protein",198,2,"J","10"
,,,,"X"
,"Protein",212,2,"K","11"
,,,,"Y"
,"Protein",196,2,"N","14"
,,,,"b"
,"Protein",222,2,"Z","12"
,,,,"L"
,"Protein",246,2,"a","13"
,,,,"M"
"5DBO","Protein",466,2,"A","1"
,,,,"C"
,"Protein",419,2,"B","2"
,,,,"D"
"5DWZ","Protein",350,4,"C","1"
,,,,"D"
,,,,"F"
,,,,"H"
,"Protein",283,4,"B","2"
,,,,"A"
,,,,"E"
,,,,"G"
"5E0S","Protein",214,14,"A","1"
,,,,"B"
,,,,"C"
,,,,"D"
,,,,"E"
,,,,"F"
,,,,"G"
,,,,"a"
,,,,"b"
,,,,"c"
,,,,"d"
,,,,"e"
,,,,"f"
,,,,"g"
,"Protein",200,14,"m","2"
,,,,"I"
,,,,"J"
,,,,"L"
,,,,"M"
,,,,"N"
,,,,"h"
,,,,"i"
,,,,"j"
,,,,"k"
,,,,"l"
,,,,"n"
,,,,"H"
,,,,"K"
"5EOF","Protein",82,2,"A","1"
,,,,"B"
,"Protein",57,2,"C","2"
,,,,"D"
"5GW5","Protein",559,2,"a","1"
,,,,"A"
,"Protein",527,2,"b","2"
,,,,"B"
,"Protein",528,2,"d","3"
,,,,"D"
,"Protein",562,2,"e","4"
,,,,"E"
,"Protein",534,2,"g","5"
,,,,"G"
,"Protein",550,2,"h","6"
,,,,"H"
,"Protein",568,2,"q","7"
,,,,"Q"
,"Protein",546,2,"Z","8"
,,,,"z"
"5ICA","Protein",163,1,"A","1"
,"Protein",152,1,"B","2"
,"Protein",244,1,"C","3"
,"Protein",149,1,"D","4"
"5JJM","Protein",252,3,"A","1"
,,,,"C"
,,,,"D"
,"Protein",3,4,"M","2"
,,,,"F"
,,,,"K"
,,,,"L"
,"Protein",8,4,"G","4"
,,,,"H"
,,,,"I"
,,,,"J"
,"Protein",252,1,"B","3"
"5KXI","Protein",386,2,"A","1"
,,,,"D"
,"Protein",403,3,"B","2"
,,,,"E"
,,,,"C"
"5L5F","Protein",250,2,"A","1"
,,,,"O"
,"Protein",258,2,"B","2"
,,,,"P"
,"Protein",254,2,"C","3"
,,,,"Q"
,"Protein",260,2,"D","4"
,,,,"R"
,"Protein",234,2,"E","5"
,,,,"S"
,"Protein",288,2,"F","6"
,,,,"T"
,"Protein",252,2,"G","7"
,,,,"U"
,"Protein",232,2,"H","8"
,,,,"V"
,"Protein",205,2,"I","9"
,,,,"W"
,"Protein",198,2,"J","10"
,,,,"X"
,"Protein",211,2,"K","11"
,,,,"Y"
,"Protein",196,2,"b","14"
,,,,"N"
,"Protein",222,2,"L","12"
,,,,"Z"
,"Protein",246,2,"a","13"
,,,,"M"
"5LE5","Protein",234,2,"A","1"
,,,,"O"
,"Protein",261,2,"B","2"
,,,,"P"
,"Protein",248,2,"C","3"
,,,,"Q"
,"Protein",241,2,"D","4"
,,,,"R"
,"Protein",263,2,"E","5"
,,,,"S"
,"Protein",255,2,"F","6"
,,,,"T"
,"Protein",246,2,"G","7"
,,,,"U"
,"Protein",234,2,"H","8"
,,,,"V"
,"Protein",201,2,"J","10"
,,,,"X"
,"Protein",204,2,"K","11"
,,,,"Y"
,"Protein",213,2,"L","12"
,,,,"Z"
,"Protein",205,2,"b","14"
,,,,"N"
,"Protein",219,2,"a","13"
,,,,"M"
,"Protein",205,2,"I","9"
,,,,"W"
"5LEY","Protein",234,2,"A","1"
,,,,"O"
,"Protein",261,2,"B","2"
,,,,"P"
,"Protein",248,2,"C","3"
,,,,"Q"
,"Protein",241,2,"D","4"
,,,,"R"
,"Protein",263,2,"E","5"
,,,,"S"
,"Protein",246,2,"G","7"
,,,,"U"
,"Protein",234,2,"H","8"
,,,,"V"
,"Protein",205,2,"I","9"
,,,,"W"
,"Protein",201,2,"X","10"
,,,,"J"
,"Protein",204,2,"Y","11"
,,,,"K"
,"Protein",213,2,"L","12"
,,,,"Z"
,"Protein",219,2,"a","13"
,,,,"M"
,"Protein",205,2,"b","14"
,,,,"N"
,"Protein",4,2,"c","15"
,,,,"d"
,"Protein",255,2,"F","6"
,,,,"T"
"5MVW","Protein",70,2,"A","1"
,,,,"B"
,"Protein",58,2,"C","2"
,,,,"D"
"5MWE","Protein",70,2,"A","1"
,,,,"B"
,"Protein",81,2,"C","2"
,,,,"D"
"5MX5","Protein",249,8,"A","1"
,,,,"C"
,,,,"E"
,,,,"G"
,,,,"H"
,,,,"J"
,,,,"L"
,,,,"N"
,"Protein",239,6,"B","2"
,,,,"D"
,,,,"F"
,,,,"I"
,,,,"K"
,,,,"M"
"5NB4","Protein",164,12,"A","1"
,,,,"B"
,,,,"C"
,,,,"D"
,,,,"F"
,,,,"G"
,,,,"H"
,,,,"I"
,,,,"J"
,,,,"K"
,,,,"L"
,,,,"E"
,"Protein",184,12,"N","2"
,,,,"O"
,,,,"P"
,,,,"Q"
,,,,"R"
,,,,"S"
,,,,"T"
,,,,"U"
,,,,"V"
,,,,"W"
,,,,"X"
,,,,"M"
"5OAF","Protein",456,3,"A","1"
,,,,"C"
,,,,"E"
,"Protein",463,3,"B","2"
,,,,"D"
,,,,"F"
"5TUG","Protein",135,2,"A","1"
,,,,"C"
,"Protein",146,2,"B","2"
,,,,"D"
"5UBQ","Protein",441,3,"C","1"
,,,,"E"
,,,,"A"
,"Protein",429,3,"D","2"
,,,,"F"
,,,,"B"
"5VOK","Protein",91,4,"A","1"
,,,,"C"
,,,,"E"
,,,,"G"
,"Protein",103,4,"B","2"
,,,,"D"
,,,,"F"
,,,,"H"
"5W7G","Protein",140,21,"A","1"
,,,,"a"
,,,,"C"
,,,,"c"
,,,,"E"
,,,,"e"
,,,,"G"
,,,,"g"
,,,,"i"
,,,,"K"
,,,,"k"
,,,,"M"
,,,,"m"
,,,,"O"
,,,,"o"
,,,,"Q"
,,,,"S"
,,,,"U"
,,,,"W"
,,,,"Y"
,,,,"I"
,"Protein",132,21,"B","2"
,,,,"b"
,,,,"D"
,,,,"d"
,,,,"F"
,,,,"f"
,,,,"H"
,,,,"h"
,,,,"J"
,,,,"j"
,,,,"L"
,,,,"l"
,,,,"N"
,,,,"n"
,,,,"P"
,,,,"p"
,,,,"R"
,,,,"T"
,,,,"V"
,,,,"X"
,,,,"Z"
,"DNA",252,2,"q","3"
,,,,"r"
"5WVC","Protein",95,3,"C","1"
,,,,"A"
,,,,"E"
,"Protein",151,3,"B","2"
,,,,"F"
,,,,"D"
"5XNN","Protein",232,2,"1","1"
,,,,"2"
,"Protein",243,1,"3","2"
,"Protein",210,1,"4","3"
"5XNO","Protein",232,2,"1","1"
,,,,"2"
,"Protein",243,1,"3","2"
,"Protein",210,1,"4","3"
"5Y14","Protein",44,3,"C","1"
,,,,"B"
,,,,"A"
,"Protein",28,3,"F","2"
,,,,"E"
,,,,"D"
"5YB3","Protein",36,3,"E","1"
,,,,"D"
,,,,"F"
,"Protein",23,3,"H","2"
,,,,"G"
,,,,"I"
"5YC0","Protein",44,6,"A","1"
,,,,"D"
,,,,"E"
,,,,"B"
,,,,"C"
,,,,"F"
,"Protein",31,6,"Q","2"
,,,,"W"
,,,,"P"
,,,,"H"
,,,,"I"
,,,,"G"
"5YH2","Protein",467,2,"A","1"
,,,,"B"
,"Protein",560,2,"C","2"
,,,,"D"
"5YK7","Protein",255,2,"A","1"
,,,,"C"
,"Protein",208,2,"B","2"
,,,,"D"
"5Z12","Protein",228,2,"A","1"
,,,,"D"
,"Protein",231,2,"C","2"
,,,,"B"
,"Protein",9,2,"F","3"
,,,,"I"
,"Protein",6,2,"J","4"
,,,,"H"
"5ZCX","Protein",39,3,"A","1"
,,,,"B"
,,,,"C"
,"Protein",37,3,"W","2"
,,,,"P"
,,,,"Q"
"5ZE9","Protein",600,3,"A","1"
,,,,"B"
,,,,"C"
,"Protein",465,3,"D","2"
,,,,"E"
,,,,"F"
"5ZKO","DNA",20,2,"B","2"
,,,,"D"
,"Protein",80,2,"G","3"
,,,,"H"
,"Protein",59,2,"A","1"
,,,,"C"
"5ZVK","Protein",80,3,"A","1"
,,,,"B"
,,,,"C"
,"Protein",44,3,"a","2"
,,,,"b"
,,,,"c"
"5ZVM","Protein",80,3,"A","1"
,,,,"B"
,,,,"C"
,"Protein",44,3,"a","2"
,,,,"b"
,,,,"c"
"5ZY8","Protein",158,2,"A","1"
,,,,"C"
,"Protein",142,2,"B","2"
,,,,"D"
"6B6Z","Protein",215,2,"A","1"
,,,,"C"
,"Protein",235,2,"B","2"
,,,,"D"
"6CKO","Protein",77,2,"A","1"
,,,,"B"
,"Protein",50,2,"C","2"
,,,,"D"
"6D5F","Protein",199,26,"A","1"
,,,,"B"
,,,,"C"
,,,,"D"
,,,,"E"
,,,,"F"
,,,,"G"
,,,,"H"
,,,,"I"
,,,,"J"
,,,,"K"
,,,,"L"
,,,,"M"
,,,,"N"
,,,,"O"
,,,,"P"
,,,,"Q"
,,,,"R"
,,,,"S"
,,,,"T"
,,,,"U"
,,,,"V"
,,,,"W"
,,,,"X"
,,,,"Y"
,,,,"Z"
,"Protein",137,26,"a","2"
,,,,"b"
,,,,"c"
,,,,"d"
,,,,"e"
,,,,"f"
,,,,"g"
,,,,"h"
,,,,"i"
,,,,"j"
,,,,"k"
,,,,"l"
,,,,"m"
,,,,"n"
,,,,"o"
,,,,"p"
,,,,"q"
,,,,"r"
,,,,"s"
,,,,"t"
,,,,"u"
,,,,"v"
,,,,"w"
,,,,"x"
,,,,"y"
,,,,"z"
,"DNA",336,2,"1","3"
,,,,"2"
"6DFT","Protein",461,6,"A","1"
,,,,"C"
,,,,"E"
,,,,"G"
,,,,"I"
,,,,"K"
,"Protein",342,6,"B","2"
,,,,"D"
,,,,"F"
,,,,"H"
,,,,"J"
,,,,"L"
"6DNZ","Protein",345,2,"A","1"
,,,,"C"
,"Protein",391,2,"B","2"
,,,,"D"
"6DPU","Protein",451,6,"A","1"
,,,,"C"
,,,,"E"
,,,,"J"
,,,,"K"
,,,,"L"
,"Protein",445,6,"B","2"
,,,,"D"
,,,,"F"
,,,,"G"
,,,,"H"
,,,,"I"
"6DW0","Protein",490,1,"D","1"
,"Protein",384,2,"E","3"
,,,,"B"
,"Protein",402,2,"C","2"
,,,,"A"
"6DW1","Protein",490,1,"D","1"
,"Protein",402,2,"C","2"
,,,,"A"
,"Protein",384,2,"E","3"
,,,,"B"
"6E7D","Protein",124,16,"A","1"
,,,,"B"
,,,,"D"
,,,,"E"
,,,,"F"
,,,,"G"
,,,,"H"
,,,,"J"
,,,,"K"
,,,,"L"
,,,,"M"
,,,,"N"
,,,,"O"
,,,,"P"
,,,,"C"
,,,,"I"
,"Protein",137,8,"Q","2"
,,,,"S"
,,,,"T"
,,,,"U"
,,,,"V"
,,,,"W"
,,,,"X"
,,,,"R"
"6EYC","Protein",868,1,"2","1"
,"Protein",971,1,"3","2"
,"Protein",933,1,"4","3"
,"Protein",775,1,"5","4"
,"Protein",1017,1,"6","5"
,"Protein",845,1,"7","6"
"6GBU","Protein",63,4,"A","1"
,,,,"C"
,,,,"E"
,,,,"G"
,"Protein",65,4,"B","2"
,,,,"D"
,,,,"F"
,,,,"H"
"6GWV","Protein",275,9,"A","2"
,,,,"D"
,,,,"F"
,,,,"G"
,,,,"J"
,,,,"L"
,,,,"M"
,,,,"P"
,,,,"R"
,"Protein",269,9,"B","1"
,,,,"C"
,,,,"E"
,,,,"K"
,,,,"N"
,,,,"O"
,,,,"Q"
,,,,"H"
,,,,"I"
"6H39","Protein",250,2,"A","1"
,,,,"O"
,"Protein",258,2,"B","2"
,,,,"P"
,"Protein",254,2,"Q","3"
,,,,"C"
,"Protein",260,2,"D","4"
,,,,"R"
,"Protein",234,2,"E","5"
,,,,"S"
,"Protein",288,2,"T","6"
,,,,"F"
,"Protein",252,2,"G","7"
,,,,"U"
,"Protein",232,2,"H","8"
,,,,"V"
,"Protein",205,2,"I","9"
,,,,"W"
,"Protein",198,2,"J","10"
,,,,"X"
,"Protein",212,2,"K","11"
,,,,"Y"
,"Protein",222,2,"Z","12"
,,,,"L"
,"Protein",246,2,"a","13"
,,,,"M"
,"Protein",196,2,"b","14"
,,,,"N"
"6HE5","Protein",247,7,"A","1"
,,,,"B"
,,,,"C"
,,,,"D"
,,,,"E"
,,,,"F"
,,,,"G"
,"Protein",210,7,"2","2"
,,,,"3"
,,,,"4"
,,,,"5"
,,,,"6"
,,,,"7"
,,,,"1"
,"Protein",401,6,"H","3"
,,,,"I"
,,,,"K"
,,,,"L"
,,,,"M"
,,,,"J"
"6HE7","Protein",235,7,"A","1"
,,,,"B"
,,,,"C"
,,,,"D"
,,,,"E"
,,,,"F"
,,,,"G"
,"Protein",202,7,"1","2"
,,,,"2"
,,,,"3"
,,,,"4"
,,,,"5"
,,,,"6"
,,,,"7"
"6HK2","Protein",141,2,"A","1"
,,,,"C"
,"Protein",146,2,"B","2"
,,,,"D"
"6HWE","Protein",250,2,"A","1"
,,,,"O"
,"Protein",258,2,"B","2"
,,,,"P"
,"Protein",254,2,"C","3"
,,,,"Q"
,"Protein",260,2,"D","4"
,,,,"R"
,"Protein",234,2,"E","5"
,,,,"S"
,"Protein",288,2,"F","6"
,,,,"T"
,"Protein",252,2,"G","7"
,,,,"U"
,"Protein",232,2,"H","8"
,,,,"V"
,"Protein",205,2,"I","9"
,,,,"W"
,"Protein",198,2,"J","10"
,,,,"X"
,"Protein",212,2,"K","11"
,,,,"Y"
,"Protein",222,2,"L","12"
,,,,"Z"
,"Protein",246,2,"a","13"
,,,,"M"
,"Protein",196,2,"b","14"
,,,,"N"
"6IHX","Protein",144,2,"B","2"
,,,,"D"
,"Protein",140,2,"A","1"
,,,,"C"
"6II1","Protein",138,2,"C","1"
,,,,"A"
,"Protein",145,2,"B","2"
,,,,"D"
"6K0R","Protein",355,6,"A","1"
,,,,"B"
,,,,"G"
,,,,"H"
,,,,"I"
,,,,"C"
,"Protein",366,6,"D","2"
,,,,"E"
,,,,"F"
,,,,"J"
,,,,"K"
,,,,"L"
"6KA9","Protein",141,4,"A","1"
,,,,"C"
,,,,"E"
,,,,"G"
,"Protein",146,4,"B","2"
,,,,"D"
,,,,"H"
,,,,"F"
"6KAU","Protein",141,2,"A","1"
,,,,"C"
,"Protein",146,2,"B","2"
,,,,"D"
"6KS6","Protein",559,2,"a","1"
,,,,"A"
,"Protein",527,2,"b","2"
,,,,"B"
,"Protein",528,2,"d","3"
,,,,"D"
,"Protein",562,2,"e","4"
,,,,"E"
,"Protein",594,2,"g","5"
,,,,"G"
,"Protein",550,2,"h","6"
,,,,"H"
,"Protein",568,2,"q","7"
,,,,"Q"
,"Protein",546,2,"z","8"
,,,,"Z"
"6KTS","Protein",37,3,"N","1"
,,,,"B"
,,,,"E"
,"Protein",35,3,"C","2"
,,,,"A"
,,,,"D"
"6LCX","Protein",141,4,"A","1"
,,,,"E"
,,,,"G"
,,,,"C"
,"Protein",146,4,"B","2"
,,,,"D"
,,,,"F"
,,,,"H"
"6LT7","Protein",141,2,"A","1"
,,,,"D"
,"Protein",198,2,"B","2"
,,,,"E"
,"RNA",50,2,"C","3"
,,,,"F"
"6M4G","DNA",147,1,"I","1"
,"DNA",147,1,"J","2"
,"Protein",136,2,"A","3"
,,,,"E"
,"Protein",126,2,"D","5"
,,,,"H"
,"Protein",115,2,"G","6"
,,,,"C"
,"Protein",103,2,"B","4"
,,,,"F"
"6MAF","Protein",275,2,"A","1"
,,,,"B"
,"Protein",285,2,"D","2"
,,,,"C"
"6N2E","Protein",379,2,"A","1"
,,,,"B"
,"Protein",214,2,"C","2"
,,,,"D"
"6NT9","Protein",742,2,"A","1"
,,,,"B"
,"Protein",392,2,"C","2"
,,,,"D"
"6NTX","Protein",53,2,"B","1"
,,,,"A"
,"Protein",38,2,"C","2"
,,,,"D"
"6O2S","Protein",451,52,"1A","1"
,,,,"2A"
,,,,"3A"
,,,,"4A"
,,,,"3B"
,,,,"4B"
,,,,"1C"
,,,,"2C"
,,,,"4C"
,,,,"1D"
,,,,"2D"
,,,,"3D"
,,,,"4D"
,,,,"1E"
,,,,"2E"
,,,,"4E"
,,,,"1F"
,,,,"2F"
,,,,"3F"
,,,,"1G"
,,,,"2G"
,,,,"3G"
,,,,"4G"
,,,,"1I"
,,,,"2I"
,,,,"3I"
,,,,"4I"
,,,,"2J"
,,,,"3J"
,,,,"1K"
,,,,"2K"
,,,,"3K"
,,,,"4K"
,,,,"1L"
,,,,"2L"
,,,,"3L"
,,,,"1M"
,,,,"2M"
,,,,"3M"
,,,,"4M"
,,,,"1N"
,,,,"2N"
,,,,"3N"
,,,,"4N"
,,,,"1B"
,,,,"2B"
,,,,"3C"
,,,,"3E"
,,,,"4F"
,,,,"1J"
,,,,"4J"
,,,,"4L"
,"Protein",445,52,"1H","2"
,,,,"2H"
,,,,"3H"
,,,,"4H"
,,,,"1O"
,,,,"2O"
,,,,"3O"
,,,,"1P"
,,,,"3P"
,,,,"4P"
,,,,"1Q"
,,,,"2Q"
,,,,"3Q"
,,,,"4Q"
,,,,"2R"
,,,,"3R"
,,,,"4R"
,,,,"1S"
,,,,"2S"
,,,,"3S"
,,,,"1T"
,,,,"2T"
,,,,"3T"
,,,,"4T"
,,,,"1U"
,,,,"2U"
,,,,"3U"
,,,,"4U"
,,,,"1V"
,,,,"2V"
,,,,"3V"
,,,,"1W"
,,,,"2W"
,,,,"3W"
,,,,"4W"
,,,,"1X"
,,,,"2X"
,,,,"3X"
,,,,"4X"
,,,,"1Y"
,,,,"2Y"
,,,,"3Y"
,,,,"4Y"
,,,,"1Z"
,,,,"2Z"
,,,,"3Z"
,,,,"4Z"
,,,,"4O"
,,,,"2P"
,,,,"1R"
,,,,"4S"
,,,,"4V"
"6O2T","Protein",451,52,"1A","1"
,,,,"2A"
,,,,"3A"
,,,,"4A"
,,,,"1B"
,,,,"2B"
,,,,"3B"
,,,,"4B"
,,,,"1C"
,,,,"2C"
,,,,"3C"
,,,,"4C"
,,,,"1D"
,,,,"2D"
,,,,"3D"
,,,,"4D"
,,,,"1E"
,,,,"2E"
,,,,"3E"
,,,,"4E"
,,,,"2F"
,,,,"3F"
,,,,"4F"
,,,,"1G"
,,,,"2G"
,,,,"3G"
,,,,"4G"
,,,,"1I"
,,,,"2I"
,,,,"3I"
,,,,"4I"
,,,,"1J"
,,,,"2J"
,,,,"3J"
,,,,"4J"
,,,,"2K"
,,,,"3K"
,,,,"4K"
,,,,"1L"
,,,,"2L"
,,,,"4L"
,,,,"1M"
,,,,"3M"
,,,,"4M"
,,,,"1N"
,,,,"2N"
,,,,"3N"
,,,,"4N"
,,,,"1F"
,,,,"1K"
,,,,"3L"
,,,,"2M"
,"Protein",445,52,"1H","2"
,,,,"2H"
,,,,"3H"
,,,,"4H"
,,,,"1O"
,,,,"2O"
,,,,"3O"
,,,,"4O"
,,,,"1P"
,,,,"2P"
,,,,"3P"
,,,,"4P"
,,,,"1Q"
,,,,"2Q"
,,,,"3Q"
,,,,"4Q"
,,,,"1R"
,,,,"2R"
,,,,"3R"
,,,,"1S"
,,,,"2S"
,,,,"3S"
,,,,"4S"
,,,,"1T"
,,,,"2T"
,,,,"3T"
,,,,"4T"
,,,,"1U"
,,,,"2U"
,,,,"3U"
,,,,"4U"
,,,,"1V"
,,,,"3V"
,,,,"4V"
,,,,"2W"
,,,,"3W"
,,,,"4W"
,,,,"1X"
,,,,"2X"
,,,,"1Y"
,,,,"2Y"
,,,,"3Y"
,,,,"4Y"
,,,,"1Z"
,,,,"2Z"
,,,,"3Z"
,,,,"4Z"
,,,,"4R"
,,,,"2V"
,,,,"1W"
,,,,"3X"
,,,,"4X"
"6OGM","Protein",64,6,"E","1"
,,,,"F"
,,,,"G"
,,,,"K"
,,,,"L"
,,,,"A"
,"Protein",65,6,"C","2"
,,,,"D"
,,,,"H"
,,,,"I"
,,,,"J"
,,,,"B"
"6OL7","Protein",131,4,"A","1"
,,,,"E"
,,,,"K"
,,,,"P"
,"Protein",111,4,"B","2"
,,,,"F"
,,,,"L"
,,,,"N"
,"Protein",125,4,"D","4"
,,,,"J"
,,,,"O"
,,,,"Q"
,"Protein",141,4,"C","3"
,,,,"H"
,,,,"I"
,,,,"M"
"6PBK","Protein",135,2,"A","1"
,,,,"C"
,"Protein",146,2,"B","2"
,,,,"D"
"6PPQ","Protein",86,1,"A","1"
,"Protein",96,1,"B","2"
,"Protein",95,1,"C","3"
,"Protein",129,1,"D","4"
,"Protein",80,1,"E","5"
,"Protein",119,1,"G","7"
,"RNA",6,1,"H","8"
,"Protein",77,1,"F","6"
"6PYQ","Protein",53,3,"A","1"
,,,,"C"
,,,,"E"
,"Protein",38,3,"B","2"
,,,,"D"
,,,,"F"
"6PZ6","Protein",53,3,"A","1"
,,,,"C"
,,,,"E"
,"Protein",38,3,"B","2"
,,,,"D"
,,,,"F"
"6QB8","Protein",535,2,"B","2"
,,,,"b"
,"Protein",539,2,"d","3"
,,,,"D"
,"Protein",541,2,"e","4"
,,,,"E"
,"Protein",544,2,"g","5"
,,,,"G"
,"Protein",543,2,"h","6"
,,,,"H"
,"Protein",548,2,"q","7"
,,,,"Q"
,"Protein",531,2,"z","8"
,,,,"Z"
,"Protein",556,2,"a","1"
,,,,"A"
"6QCM","Protein",128,30,"AB","1"
,,,,"T"
,,,,"BC"
,,,,"TB"
,,,,"U"
,,,,"UB"
,,,,"DC"
,,,,"V"
,,,,"VB"
,,,,"EB"
,,,,"W"
,,,,"X"
,,,,"FA"
,,,,"Y"
,,,,"FB"
,,,,"Z"
,,,,"FC"
,,,,"GC"
,,,,"HC"
,,,,"IC"
,,,,"K"
,,,,"KB"
,,,,"L"
,,,,"LB"
,,,,"M"
,,,,"OB"
,,,,"P"
,,,,"PB"
,,,,"Q"
,,,,"SB"
,"Protein",129,6,"CB","2"
,,,,"DB"
,,,,"E"
,,,,"F"
,,,,"GB"
,,,,"IB"
,"Protein",118,20,"g","3"
,,,,"h"
,,,,"i"
,,,,"j"
,,,,"A"
,,,,"B"
,,,,"C"
,,,,"D"
,,,,"I"
,,,,"J"
,,,,"N"
,,,,"O"
,,,,"R"
,,,,"S"
,,,,"a"
,,,,"b"
,,,,"c"
,,,,"d"
,,,,"e"
,,,,"f"
,"Protein",123,1,"AD","4"
,"Protein",136,3,"CD","5"
,,,,"FD"
,,,,"HD"
"6R17","Protein",112,2,"A","1"
,,,,"B"
,"Protein",69,2,"D","2"
,,,,"C"
"6RGL","Protein",354,2,"B","1"
,,,,"A"
,"Protein",451,1,"C","2"
,"Protein",417,1,"D","3"
"6RJ4","Protein",269,3,"B","1"
,,,,"D"
,,,,"F"
,"Protein",275,3,"A","2"
,,,,"C"
,,,,"E"
"6RKE","Protein",269,6,"B","1"
,,,,"D"
,,,,"F"
,,,,"H"
,,,,"J"
,,,,"L"
,"Protein",275,6,"A","2"
,,,,"C"
,,,,"E"
,,,,"G"
,,,,"I"
,,,,"K"
"6RPJ","Protein",129,4,"A","1"
,,,,"C"
,,,,"E"
,,,,"G"
,"Protein",142,4,"B","2"
,,,,"F"
,,,,"H"
,,,,"D"
"6SKO","Protein",1017,1,"6","1"
,"Protein",845,1,"7","2"
,"Protein",775,1,"5","4"
,"Protein",971,1,"3","5"
,"Protein",933,1,"4","6"
,"DNA",85,1,"I","7"
,"Protein",868,1,"2","3"
"6UR8","Protein",487,2,"A","1"
,,,,"D"
,"Protein",397,3,"B","2"
,,,,"C"
,,,,"E"
"6VAS","Protein",53,2,"A","1"
,,,,"C"
,"Protein",38,2,"B","2"
,,,,"D"
"6VL6","Protein",125,12,"A","1"
,,,,"C"
,,,,"D"
,,,,"E"
,,,,"F"
,,,,"G"
,,,,"H"
,,,,"I"
,,,,"J"
,,,,"K"
,,,,"L"
,,,,"M"
,"Protein",128,12,"B","2"
,,,,"N"
,,,,"O"
,,,,"P"
,,,,"Q"
,,,,"R"
,,,,"S"
,,,,"T"
,,,,"U"
,,,,"V"
,,,,"W"
,,,,"X"
"6WGF","Protein",868,1,"2","1"
,"Protein",845,1,"7","2"
,"Protein",775,1,"5","4"
,"Protein",933,1,"4","5"
,"Protein",971,1,"3","6"
,"Protein",1017,1,"6","3"
"6WNK","Protein",240,14,"A","1"
,,,,"B"
,,,,"C"
,,,,"D"
,,,,"E"
,,,,"F"
,,,,"G"
,,,,"O"
,,,,"P"
,,,,"Q"
,,,,"R"
,,,,"S"
,,,,"T"
,,,,"U"
,"Protein",240,14,"a","2"
,,,,"b"
,,,,"H"
,,,,"I"
,,,,"J"
,,,,"K"
,,,,"L"
,,,,"M"
,,,,"N"
,,,,"V"
,,,,"W"
,,,,"X"
,,,,"Y"
,,,,"Z"
"6WR2","Protein",388,6,"A","1"
,,,,"B"
,,,,"C"
,,,,"D"
,,,,"E"
,,,,"F"
,"Protein",207,14,"h","2"
,,,,"i"
,,,,"j"
,,,,"k"
,,,,"l"
,,,,"m"
,,,,"n"
,,,,"M"
,,,,"N"
,,,,"H"
,,,,"I"
,,,,"J"
,,,,"K"
,,,,"L"
"6WVL","Protein",451,2,"A","1"
,,,,"C"
,"Protein",445,2,"D","2"
,,,,"B"
"6WVR","Protein",451,2,"C","1"
,,,,"A"
,"Protein",445,2,"B","2"
,,,,"D"
"6XOC","Protein",221,1,"A","1"
,"Protein",217,1,"B","2"
,"Protein",221,1,"H","3"
,"Protein",207,1,"L","4"
"6YKR","Protein",258,5,"A","1"
,,,,"B"
,,,,"C"
,,,,"D"
,,,,"E"
,"Protein",271,2,"F","2"
,,,,"G"
"6YX7","Protein",160,6,"CCC","1"
,,,,"EEE"
,,,,"GGG"
,,,,"III"
,,,,"KKK"
,,,,"AAA"
,"Protein",161,6,"DDD","2"
,,,,"FFF"
,,,,"HHH"
,,,,"JJJ"
,,,,"LLL"
,,,,"BBB"
"6YYJ","Protein",172,3,"B","2"
,,,,"D"
,,,,"F"
,"Protein",162,3,"A","1"
,,,,"E"
,,,,"C"
"6Z46","Protein",242,14,"A","1"
,,,,"B"
,,,,"C"
,,,,"D"
,,,,"E"
,,,,"F"
,,,,"G"
,,,,"O"
,,,,"P"
,,,,"Q"
,,,,"R"
,,,,"S"
,,,,"T"
,,,,"U"
,"Protein",198,14,"a","2"
,,,,"H"
,,,,"b"
,,,,"I"
,,,,"J"
,,,,"K"
,,,,"L"
,,,,"M"
,,,,"N"
,,,,"V"
,,,,"W"
,,,,"X"
,,,,"Y"
,,,,"Z"
"6ZMX","Protein",141,2,"A","1"
,,,,"C"
,"Protein",146,2,"B","2"
,,,,"D"
"7AH8","Protein",89,2,"A","1"
,,,,"C"
,"Protein",80,2,"B","2"
,,,,"D"
"7AP5","Protein",164,8,"AAA","1"
,,,,"EEE"
,,,,"GGG"
,,,,"III"
,,,,"KKK"
,,,,"MMM"
,,,,"OOO"
,,,,"CCC"
,"Protein",184,8,"BBB","2"
,,,,"DDD"
,,,,"FFF"
,,,,"HHH"
,,,,"JJJ"
,,,,"LLL"
,,,,"NNN"
,,,,"PPP"
"7CU5","Protein",230,2,"B","1"
,,,,"A"
,"Protein",118,2,"E","2"
,,,,"Q"
"7CVO","Protein",165,2,"A","1"
,,,,"F"
,"Protein",103,2,"B","2"
,,,,"G"
,"DNA",25,1,"D","3"
,"DNA",25,1,"E","4"
"7D1L","Protein",94,2,"A","1"
,,,,"B"
,"Protein",89,2,"C","2"
,,,,"D"
"7D73","Protein",420,4,"A","1"
,,,,"B"
,,,,"C"
,,,,"D"
,"Protein",360,8,"E","2"
,,,,"F"
,,,,"G"
,,,,"I"
,,,,"J"
,,,,"K"
,,,,"L"
,,,,"H"
"7D74","Protein",420,4,"A","1"
,,,,"D"
,,,,"B"
,,,,"C"
,"Protein",360,8,"E","2"
,,,,"F"
,,,,"G"
,,,,"H"
,,,,"I"
,,,,"J"
,,,,"K"
,,,,"L"
"7D7E","Protein",604,3,"B","1"
,,,,"D"
,,,,"C"
,"Protein",551,1,"A","2"
"7D7F","Protein",604,3,"C","1"
,,,,"D"
,,,,"B"
,"Protein",551,1,"A","2"
"7DA1","Protein",107,2,"B","1"
,,,,"A"
,"Protein",81,2,"C","2"
,,,,"D"
"7DBH","Protein",139,2,"E","1"
,,,,"A"
,"Protein",106,2,"B","2"
,,,,"F"
,"Protein",133,2,"C","3"
,,,,"G"
,"Protein",129,2,"D","4"
,,,,"H"
,"DNA",145,1,"I","5"
,"DNA",145,1,"J","6"
"7DMZ","Protein",451,3,"A","1"
,,,,"B"
,,,,"D"
,"Protein",445,3,"E","2"
,,,,"C"
,,,,"F"
"7DN0","Protein",451,4,"D","1"
,,,,"A"
,,,,"B"
,,,,"C"
,"Protein",445,2,"E","2"
,,,,"F"
"7DQC","Protein",600,3,"A","1"
,,,,"C"
,,,,"B"
,"Protein",465,3,"D","2"
,,,,"E"
,,,,"F"
"7DV4","Protein",120,4,"B","2"
,,,,"D"
,,,,"F"
,,,,"H"
,"Protein",118,4,"A","1"
,,,,"C"
,,,,"E"
,,,,"G"
"7DY4","Protein",141,4,"A","1"
,,,,"C"
,,,,"E"
,,,,"G"
,"Protein",146,4,"B","2"
,,,,"D"
,,,,"F"
,,,,"H"
"7E87","Protein",398,2,"B","1"
,,,,"C"
,"Protein",397,2,"D","2"
,,,,"A"
,"Protein",28,4,"I","3"
,,,,"F"
,,,,"J"
,,,,"E"
"7EFV","Protein",162,2,"A","1"
,,,,"C"
,"Protein",172,2,"B","2"
,,,,"D"
"7EFW","Protein",162,6,"A","1"
,,,,"C"
,,,,"E"
,,,,"G"
,,,,"I"
,,,,"K"
,"Protein",172,6,"B","2"
,,,,"D"
,,,,"F"
,,,,"H"
,,,,"J"
,,,,"L"
"7JLK","Protein",233,1,"A","2"
,"Protein",210,1,"B","3"
,"Protein",122,1,"L","4"
,"Protein",133,1,"H","1"
"7JY0","Protein",141,2,"C","1"
,,,,"A"
,"Protein",146,2,"B","2"
,,,,"D"
"7JY1","Protein",141,2,"A","1"
,,,,"C"
,"Protein",146,2,"B","2"
,,,,"D"
"7JY3","Protein",141,2,"A","1"
,,,,"C"
,"Protein",146,2,"B","2"
,,,,"D"
"7KEU","Protein",85,4,"G","1"
,,,,"H"
,,,,"E"
,,,,"F"
,"Protein",82,4,"A","2"
,,,,"B"
,,,,"C"
,,,,"D"
"7KJR","Protein",284,2,"A","1"
,,,,"B"
,"Protein",210,2,"C","2"
,,,,"D"
"7KUY","Protein",364,4,"B","1"
,,,,"C"
,,,,"D"
,,,,"A"
,"Protein",702,1,"E","2"
"7L6M","Protein",218,2,"g","1"
,,,,"j"
,"Protein",219,2,"h","2"
,,,,"i"
"7LXB","Protein",451,8,"A","1"
,,,,"C"
,,,,"E"
,,,,"G"
,,,,"I"
,,,,"K"
,,,,"M"
,,,,"O"
,"Protein",450,8,"B","2"
,,,,"F"
,,,,"H"
,,,,"J"
,,,,"L"
,,,,"N"
,,,,"P"
,,,,"D"
"7M18","Protein",450,8,"B","1"
,,,,"D"
,,,,"F"
,,,,"H"
,,,,"J"
,,,,"L"
,,,,"N"
,,,,"P"
,"Protein",451,8,"A","2"
,,,,"C"
,,,,"E"
,,,,"G"
,,,,"I"
,,,,"K"
,,,,"M"
,,,,"O"
"7M20","Protein",450,9,"B","1"
,,,,"D"
,,,,"F"
,,,,"H"
,,,,"J"
,,,,"N"
,,,,"R"
,,,,"L"
,,,,"P"
,"Protein",451,9,"A","2"
,,,,"C"
,,,,"E"
,,,,"G"
,,,,"K"
,,,,"M"
,,,,"O"
,,,,"Q"
,,,,"I"
"7M6J","Protein",275,2,"A","1"
,,,,"F"
,"Protein",427,2,"B","2"
,,,,"E"
,"Protein",432,2,"C","3"
,,,,"D"
"7N32","Protein",449,12,"w","1"
,,,,"u"
,,,,"s"
,,,,"q"
,,,,"m"
,,,,"g"
,,,,"e"
,,,,"c"
,,,,"a"
,,,,"i"
,,,,"o"
,,,,"k"
,"Protein",443,12,"x","2"
,,,,"v"
,,,,"t"
,,,,"r"
,,,,"p"
,,,,"n"
,,,,"l"
,,,,"h"
,,,,"f"
,,,,"b"
,,,,"d"
,,,,"j"
"7NG8","Protein",494,3,"A","1"
,,,,"B"
,,,,"C"
,"Protein",264,1,"D","2"
"7OCX","Protein",103,2,"C","2"
,,,,"D"
,"Protein",84,2,"A","1"
,,,,"B"
"7OFQ","Protein",209,23,"A","1"
,,,,"a"
,,,,"c"
,,,,"E"
,,,,"e"
,,,,"G"
,,,,"g"
,,,,"I"
,,,,"i"
,,,,"K"
,,,,"k"
,,,,"M"
,,,,"m"
,,,,"O"
,,,,"o"
,,,,"Q"
,,,,"q"
,,,,"S"
,,,,"U"
,,,,"W"
,,,,"Y"
,,,,"C"
,,,,"s"
,"Protein",213,22,"B","2"
,,,,"b"
,,,,"D"
,,,,"d"
,,,,"F"
,,,,"f"
,,,,"H"
,,,,"h"
,,,,"J"
,,,,"j"
,,,,"L"
,,,,"l"
,,,,"N"
,,,,"n"
,,,,"P"
,,,,"p"
,,,,"R"
,,,,"r"
,,,,"T"
,,,,"V"
,,,,"X"
,,,,"Z"
"7P30","Protein",868,2,"2","1"
,,,,"A"
,"Protein",1006,2,"3","2"
,,,,"B"
,"Protein",933,2,"4","3"
,,,,"C"
,"Protein",775,2,"5","4"
,,,,"D"
,"Protein",1017,2,"6","5"
,,,,"E"
,"Protein",845,2,"7","6"
,,,,"F"
,"DNA",53,1,"X","7"
,"DNA",53,1,"Y","8"
"7PCS","Protein",250,2,"A","1"
,,,,"C"
,"Protein",248,2,"B","2"
,,,,"D"
"7Q54","Protein",451,4,"Q","1"
,,,,"O"
,,,,"A"
,,,,"C"
,"Protein",402,4,"R","2"
,,,,"P"
,,,,"B"
,,,,"D"
"7Q55","Protein",451,8,"O","1"
,,,,"A"
,,,,"C"
,,,,"E"
,,,,"G"
,,,,"I"
,,,,"K"
,,,,"Q"
,"Protein",402,8,"P","2"
,,,,"R"
,,,,"B"
,,,,"D"
,,,,"F"
,,,,"H"
,,,,"J"
,,,,"L"
"7Q56","Protein",337,8,"J","2"
,,,,"L"
,,,,"B"
,,,,"D"
,,,,"R"
,,,,"P"
,,,,"H"
,,,,"F"
,"Protein",368,8,"I","1"
,,,,"K"
,,,,"A"
,,,,"C"
,,,,"Q"
,,,,"O"
,,,,"G"
,,,,"E"
"7QL5","Protein",437,2,"A","1"
,,,,"D"
,"Protein",469,1,"B","2"
,"Protein",501,1,"C","3"
,"Protein",489,1,"E","4"
"7QUP","Protein",475,39,"10A","1"
,,,,"7C"
,,,,"2C"
,,,,"10C"
,,,,"7E"
,,,,"2E"
,,,,"8A"
,,,,"10E"
,,,,"3A"
,,,,"11A"
,,,,"8C"
,,,,"3C"
,,,,"11C"
,,,,"8E"
,,,,"3E"
,,,,"9A"
,,,,"11E"
,,,,"4A"
,,,,"12A"
,,,,"9C"
,,,,"4C"
,,,,"12C"
,,,,"9E"
,,,,"4E"
,,,,"12E"
,,,,"5A"
,,,,"13A"
,,,,"5C"
,,,,"5E"
,,,,"13E"
,,,,"6A"
,,,,"1A"
,,,,"6C"
,,,,"1C"
,,,,"6E"
,,,,"1E"
,,,,"7A"
,,,,"2A"
,,,,"13C"
,"Protein",425,26,"2B","2"
,,,,"10B"
,,,,"7D"
,,,,"2D"
,,,,"10D"
,,,,"8B"
,,,,"3B"
,,,,"11B"
,,,,"8D"
,,,,"3D"
,,,,"11D"
,,,,"9B"
,,,,"4B"
,,,,"12B"
,,,,"9D"
,,,,"12D"
,,,,"5B"
,,,,"13B"
,,,,"5D"
,,,,"13D"
,,,,"6B"
,,,,"1B"
,,,,"6D"
,,,,"1D"
,,,,"7B"
,,,,"4D"
"7QUQ","Protein",473,3,"A","1"
,,,,"C"
,,,,"E"
,"Protein",426,3,"D","2"
,,,,"F"
,,,,"B"
"7RH9","Protein",560,3,"C","1"
,,,,"A"
,,,,"D"
,"Protein",810,1,"B","2"
"7RHL","Protein",810,1,"B","2"
,"Protein",560,3,"C","1"
,,,,"A"
,,,,"D"
"7RWZ","Protein",355,1,"A","1"
,"Protein",402,3,"B","2"
,,,,"C"
,,,,"D"
"7SMM","Protein",501,1,"B","2"
,"Protein",489,1,"E","4"
,"Protein",437,2,"A","1"
,,,,"D"
,"Protein",469,1,"C","3"
"7TNT","Protein",437,18,"2A","1"
,,,,"2B"
,,,,"2C"
,,,,"2D"
,,,,"2E"
,,,,"2F"
,,,,"2G"
,,,,"2H"
,,,,"2I"
,,,,"4A"
,,,,"4C"
,,,,"4D"
,,,,"4E"
,,,,"4F"
,,,,"4G"
,,,,"4H"
,,,,"4I"
,,,,"4B"
,"Protein",426,18,"5A","2"
,,,,"5B"
,,,,"5C"
,,,,"5D"
,,,,"5E"
,,,,"5F"
,,,,"5G"
,,,,"5H"
,,,,"3A"
,,,,"5I"
,,,,"3B"
,,,,"3C"
,,,,"3D"
,,,,"3G"
,,,,"3H"
,,,,"3I"
,,,,"3E"
,,,,"3F"
"7UKG","Protein",801,4,"I","2"
,,,,"J"
,,,,"K"
,,,,"L"
,"Protein",524,4,"A","1"
,,,,"B"
,,,,"C"
,,,,"D"
"7VD6","Protein",207,5,"13","1"
,,,,"14"
,,,,"15"
,,,,"18"
,,,,"11"
,"Protein",207,1,"12","2"
,"Protein",210,1,"16","3"
,"Protein",271,1,"19","5"
,"Protein",223,1,"20","6"
,"Protein",207,1,"17","4"
,"Protein",195,1,"21","7"
"7VRT","Protein",521,180,"aa","1"
,,,,"ba"
,,,,"ca"
,,,,"da"
,,,,"eg"
,,,,"fg"
,,,,"gg"
,,,,"ab"
,,,,"bb"
,,,,"cb"
,,,,"db"
,,,,"eh"
,,,,"fh"
,,,,"gh"
,,,,"ac"
,,,,"bc"
,,,,"cc"
,,,,"dc"
,,,,"ei"
,,,,"fi"
,,,,"gi"
,,,,"ad"
,,,,"bd"
,,,,"cd"
,,,,"dd"
,,,,"ej"
,,,,"fj"
,,,,"gj"
,,,,"ae"
,,,,"be"
,,,,"ce"
,,,,"de"
,,,,"ek"
,,,,"fk"
,,,,"gk"
,,,,"af"
,,,,"bf"
,,,,"cf"
,,,,"df"
,,,,"el"
,,,,"fl"
,,,,"gl"
,,,,"ag"
,,,,"bg"
,,,,"cg"
,,,,"dg"
,,,,"em"
,,,,"fm"
,,,,"gm"
,,,,"ah"
,,,,"bh"
,,,,"ch"
,,,,"dh"
,,,,"en"
,,,,"fn"
,,,,"gn"
,,,,"ai"
,,,,"bi"
,,,,"ci"
,,,,"di"
,,,,"eo"
,,,,"fo"
,,,,"go"
,,,,"aj"
,,,,"bj"
,,,,"cj"
,,,,"dj"
,,,,"ep"
,,,,"fp"
,,,,"gp"
,,,,"ak"
,,,,"bk"
,,,,"ck"
,,,,"dk"
,,,,"eq"
,,,,"fq"
,,,,"gq"
,,,,"al"
,,,,"bl"
,,,,"cl"
,,,,"dl"
,,,,"er"
,,,,"fr"
,,,,"gr"
,,,,"am"
,,,,"bm"
,,,,"cm"
,,,,"dm"
,,,,"es"
,,,,"fs"
,,,,"gs"
,,,,"an"
,,,,"bn"
,,,,"cn"
,,,,"dn"
,,,,"et"
,,,,"ft"
,,,,"gt"
,,,,"ao"
,,,,"bo"
,,,,"co"
,,,,"do"
,,,,"eu"
,,,,"fu"
,,,,"gu"
,,,,"ap"
,,,,"bp"
,,,,"cp"
,,,,"dp"
,,,,"ev"
,,,,"fv"
,,,,"gv"
,,,,"aq"
,,,,"bq"
,,,,"cq"
,,,,"dq"
,,,,"ew"
,,,,"fw"
,,,,"gw"
,,,,"ar"
,,,,"br"
,,,,"cr"
,,,,"dr"
,,,,"ex"
,,,,"fx"
,,,,"gx"
,,,,"as"
,,,,"bs"
,,,,"cs"
,,,,"dy"
,,,,"ey"
,,,,"fy"
,,,,"gy"
,,,,"at"
,,,,"bt"
,,,,"ct"
,,,,"dz"
,,,,"ez"
,,,,"fz"
,,,,"gz"
,,,,"au"
,,,,"bu"
,,,,"cu"
,,,,"ea"
,,,,"fa"
,,,,"ga"
,,,,"ha"
,,,,"av"
,,,,"bv"
,,,,"cv"
,,,,"eb"
,,,,"fb"
,,,,"gb"
,,,,"hb"
,,,,"aw"
,,,,"bw"
,,,,"cw"
,,,,"ec"
,,,,"fc"
,,,,"gc"
,,,,"hc"
,,,,"ax"
,,,,"bx"
,,,,"cx"
,,,,"ed"
,,,,"fd"
,,,,"gd"
,,,,"hd"
,,,,"ay"
,,,,"by"
,,,,"cy"
,,,,"ee"
,,,,"fe"
,,,,"ge"
,,,,"az"
,,,,"bz"
,,,,"cz"
,,,,"ef"
,,,,"ff"
,,,,"gf"
,"Protein",427,11,"hg","2"
,,,,"hh"
,,,,"hi"
,,,,"hj"
,,,,"hk"
,,,,"hl"
,,,,"hm"
,,,,"hn"
,,,,"ho"
,,,,"he"
,,,,"hf"
"7W8G","Protein",868,2,"2","1"
,,,,"B"
,"Protein",971,2,"3","2"
,,,,"C"
,"Protein",1017,2,"6","5"
,,,,"F"
,"Protein",845,2,"7","6"
,,,,"G"
,"Protein",933,2,"4","3"
,,,,"D"
,"Protein",775,2,"5","4"
,,,,"E"
"7WM1","Protein",885,2,"A","1"
,,,,"C"
,"Protein",690,2,"B","2"
,,,,"D"
"7X57","Protein",139,4,"A","1"
,,,,"C"
,,,,"E"
,,,,"G"
,"DNA",145,1,"I","3"
,"Protein",106,4,"B","2"
,,,,"F"
,,,,"D"
,,,,"H"
,"DNA",145,1,"J","4"
"7XUF","Protein",857,2,"B","2"
,,,,"D"
,"Protein",662,2,"A","1"
,,,,"C"
"7Y4Q","Protein",694,2,"B","1"
,,,,"A"
,"Protein",552,2,"D","2"
,,,,"C"
"8A3J","Protein",25,4,"A","1"
,,,,"C"
,,,,"E"
,,,,"G"
,"Protein",25,4,"B","2"
,,,,"D"
,,,,"F"
,,,,"H"
"8B42","Protein",817,4,"A","1"
,,,,"B"
,,,,"C"
,,,,"D"
,"Protein",811,2,"E","2"
,,,,"F"
"8C5C","Protein",446,26,"b","1"
,,,,"d"
,,,,"e"
,,,,"f"
,,,,"g"
,,,,"h"
,,,,"i"
,,,,"j"
,,,,"k"
,,,,"l"
,,,,"m"
,,,,"n"
,,,,"o"
,,,,"p"
,,,,"q"
,,,,"r"
,,,,"s"
,,,,"u"
,,,,"v"
,,,,"w"
,,,,"x"
,,,,"z"
,,,,"a"
,,,,"c"
,,,,"t"
,,,,"y"
,"Protein",451,26,"A","2"
,,,,"B"
,,,,"D"
,,,,"F"
,,,,"G"
,,,,"H"
,,,,"I"
,,,,"J"
,,,,"K"
,,,,"M"
,,,,"N"
,,,,"O"
,,,,"P"
,,,,"Q"
,,,,"R"
,,,,"S"
,,,,"T"
,,,,"U"
,,,,"V"
,,,,"W"
,,,,"X"
,,,,"Y"
,,,,"Z"
,,,,"C"
,,,,"E"
,,,,"L"
"8CZO","Protein",94,22,"a","1"
,,,,"b"
,,,,"c"
,,,,"d"
,,,,"e"
,,,,"f"
,,,,"g"
,,,,"h"
,,,,"i"
,,,,"j"
,,,,"k"
,,,,"l"
,,,,"m"
,,,,"n"
,,,,"o"
,,,,"p"
,,,,"q"
,,,,"r"
,,,,"s"
,,,,"t"
,,,,"u"
,,,,"v"
,"Protein",106,22,"E","2"
,,,,"F"
,,,,"G"
,,,,"H"
,,,,"I"
,,,,"J"
,,,,"K"
,,,,"L"
,,,,"N"
,,,,"O"
,,,,"R"
,,,,"S"
,,,,"T"
,,,,"V"
,,,,"A"
,,,,"B"
,,,,"C"
,,,,"D"
,,,,"M"
,,,,"P"
,,,,"Q"
,,,,"U"
